MAE,RMSE,MAPE,MAPE_EPS,sMAPE,WAPE,MASE,Pinball,PICP,MIW,Winkler,CRPS,Model,CQR
0.007807464233387775,0.011465398457982116,31.7726812133089,31.699328787180903,29.16231427903683,26.25751021952955,1.0503628933015619,0.0026665772566552685,68.739092495637,0.017802171333291185,0.04095999653271918,0.0063648041011909445,TIMESNET_Q,True
