MAE,RMSE,MAPE,MAPE_EPS,sMAPE,WAPE,MASE,PICP,MIW,Winkler,CRPS,Model,CQR
0.00782430393996482,0.011415011121697564,34.031506426835215,33.94714115086528,27.568654049963033,26.31414432688156,1.0526283923667992,68.34642233856894,0.017405529034990312,0.04033829481881482,0.008794444188865798,NHITS_Q,True
