MAE,RMSE,MAPE,MAPE_EPS,sMAPE,WAPE,MASE,PICP,MIW,Winkler,CRPS,Model,CQR
0.008180487303389576,0.011875213873544193,38.756811255399015,38.64497689510328,29.572823939596972,27.512034964043497,1.1005468684518789,,,,,NHITS_MSE,False
