MAE,RMSE,MAPE,MAPE_EPS,sMAPE,WAPE,MASE,Pinball,PICP,MIW,Winkler,CRPS,Model,CQR
0.008349182803543905,0.012009580062180093,36.660534422140564,36.615304511080474,30.81706948175484,28.079379710926684,1.1232420084272008,,,,,,TIMESNET_MSE,False
