MAE,RMSE,MAPE,MAPE_EPS,sMAPE,WAPE,MASE,PICP,MIW,Winkler,CRPS,Model,CQR
0.008104410040480027,0.01179213612341383,39.24011068102434,39.137079166417685,29.498219719549425,27.256177306728997,1.090311953299477,,,,,NHITS_MSE,False
