,MAE,RMSE,MAPE,sMAPE,WAPE,MASE,Pinball,PICP,MIW,Winkler,CRPS
NHITS_Q,0.007759986586537591,0.011366600891524477,33.6322020943805,27.39609241754269,26.097836763449305,0.8943679302266604,0.0027737505210359333,52.639616055846425,0.01282302161277443,0.04441258269839004,0.006041707760872924
TIMESNET_Q,0.007818595424247945,0.011493090258107663,31.927453102654805,29.369521591422398,26.29494585151318,0.9011228213970829,0.0029908572306668584,41.92844677137871,0.00964666822503433,0.05063273979876602,0.006365963954126665
TFT_Q,0.007968873940643014,0.011654429615750812,32.51518757141651,28.02459118558592,26.80035190424217,0.9184429912410569,0.0032706792992114944,31.719022687609076,0.0066316916260696105,0.05827600927312976,0.006829494165324107
NAMLSS,0.006923736651051218,0.010478984117714007,28.994853174030215,24.9229571605308,23.285420264221035,0.7979869486859646,0.0023300804723038974,72.64397905759162,0.018005948131100732,0.03528373091386084,0.005170813947849165
NHITS_MSE,0.008104410040480018,0.01179213612341383,39.24011068102422,29.49821971954939,27.256177306728972,0.9340640415779882,,,,,
TIMESNET_MSE,0.008310005190367042,0.011973955861006871,36.66686047574542,30.708100439659507,27.947620339686907,0.9577596635508532,,,,,
