MAE,RMSE,MAPE,PICP,MIW,CRPS,Model
0.006032622965237839,0.008157798564533454,27.171652754863928,50.16666666666667,0.009336108466644634,0.00668348503403217,NHITS_Q
