,MAE,RMSE,MAPE,sMAPE,WAPE,MASE,Pinball,PICP,MIW,Winkler,CRPS
NHITS_Q,0.007824303939964817,0.011415011121697566,34.031506426835115,27.568654049963026,26.31414432688155,0.9017807495171163,0.00264866048395463,68.34642233856894,0.017405529034990312,0.04033829481881482,0.005887823966673296
TIMESNET_Q,0.007807464233387777,0.011465398457982121,31.772681213308854,29.162314279036877,26.257510219529557,0.8998399093688795,0.00266657725665527,68.739092495637,0.017802171333291185,0.04095999653271921,0.005885386847401899
TFT_Q,0.007740954632216115,0.011629056298120572,30.718280723040923,27.039255395752782,26.03382984389702,0.8921744251986753,0.002678031313889143,74.30191972076788,0.019615236101865587,0.04163616625559371,0.0059114903722198905
NHITS_MSE,0.008104410040480018,0.01179213612341383,39.24011068102422,29.49821971954939,27.256177306728972,0.9340640415779882,,,,,
TIMESNET_MSE,0.008310005190367042,0.011973955861006871,36.66686047574542,30.708100439659507,27.947620339686907,0.9577596635508532,,,,,
