MAE,RMSE,MAPE,MAPE_EPS,sMAPE,WAPE,MASE,Pinball,PICP,MIW,Winkler,CRPS,Model,CQR
0.007756207042887316,0.011325133165342456,32.38163338085507,32.3105047876021,27.55650539293662,26.08512567018578,1.0434671011074284,0.003196383218123823,29.05759162303665,0.006133030756104703,0.057110461329278106,0.007949953268576063,TFT_Q,False
