MAE,RMSE,MAPE,MAPE_EPS,sMAPE,WAPE,MASE,Pinball,PICP,MIW,Winkler,CRPS,Model,CQR
0.007818595424247943,0.011493090258107658,31.927453102654844,31.8562435122831,29.369521591422338,26.29494585151317,1.0518604076658005,0.002990857230666857,41.92844677137871,0.00964666822503433,0.05063273979876601,0.006382559890611845,TIMESNET_Q,False
