MAE,RMSE,MAPE,MAPE_EPS,sMAPE,WAPE,MASE,PICP,MIW,Winkler,CRPS,Model,CQR
0.0077599865865375945,0.011366600891524477,33.632202094380595,33.5489879179765,27.396092417542704,26.097836763449315,1.0439755750863278,52.639616055846425,0.01282302161277443,0.04441258269839005,0.008637961422546348,NHITS_Q,False
