MAE,RMSE,MAPE,MAPE_EPS,sMAPE,WAPE,MASE,PICP,MIW,Winkler,CRPS,Model,CQR
0.007884169952840518,0.011450462966559907,34.69785211982952,34.613102095502306,27.96444674145934,26.515481457337298,1.060682356703343,51.63612565445026,0.013066626076132801,0.044881784053889553,0.008764526696510599,NHITS_Q,False
