MAE,RMSE,MAPE,MAPE_EPS,sMAPE,WAPE,MASE,PICP,MIW,Winkler,CRPS,Model,CQR
0.0061800702691740365,0.008421650505589528,28.043999981202898,28.043999981202898,25.076382307095617,24.35685493373207,0.7777365699077267,90.25,0.026440543881870317,0.032698950889263154,0.006768707328407165,NHITS_Q,True
