MAE,RMSE,MAPE,MAPE_EPS,sMAPE,WAPE,MASE,Pinball,PICP,MIW,Winkler,CRPS,Model,CQR
0.007740954632216115,0.011629056298120569,30.718280723040998,30.638220674233462,27.039255395752782,26.03382984389702,1.0414151459881316,0.0026780313138891425,74.30191972076788,0.019615236101865594,0.0416361662555937,0.007952358643901796,TFT_Q,True
