MAE,RMSE,MAPE,MAPE_EPS,sMAPE,WAPE,MASE,PICP,MIW,Winkler,CRPS,Model,CQR
0.005904400884087503,0.007906172487366447,24.49190415064797,24.49190415064797,23.031555209793073,23.270388448760983,0.7430447051476796,82.0,0.019471809550563452,0.02814616923038504,0.004862620412495131,TIMESNET_Q,True
