MAE,RMSE,MAPE,MAPE_EPS,sMAPE,WAPE,MASE,Pinball,PICP,MIW,Winkler,CRPS,Model,CQR
0.007792702016841954,0.011476138470037998,31.818676683197918,31.74400974887861,29.002920521597325,26.207862979372216,1.0483768855506324,0.002993540871704244,40.75043630017452,0.009407090793573419,0.050842716066917544,0.006379568663007545,TIMESNET_Q,False
