MAE,RMSE,MAPE,PICP,MIW,CRPS,Model
0.005934863761397662,0.007997197867465566,26.5094102466107,28.249999999999996,0.004804624828449365,0.006045395984425132,TFT_Q
