,MAE,RMSE,MAPE,MAPE_EPS,sMAPE,WAPE,MASE,PICP,MIW,Winkler,CRPS
NHITS_Q,0.006032622965237837,0.008157798564533449,27.171652754863892,27.171652754863896,24.520396714195762,23.77573652634802,1.4484820817584079,50.16666666666667,0.009336108466644634,0.035832360877971446,0.004768826355924894
TIMESNET_Q,0.005847948924360754,0.007827848605153481,24.183687287599234,24.18368728759924,22.808084194993008,23.04790033229931,1.4041403351056188,33.58333333333333,0.006322351532677809,0.03927077922454994,0.004790123130863951
TFT_Q,0.0059348637613976475,0.00799719786746555,26.509410246610614,26.50941024661062,22.394815840247606,23.390448553450767,1.4250092978789168,28.249999999999996,0.004804624828449365,0.0435848265753996,0.005080349949634363
NHITS_MSE,0.006867718700371809,0.00839301687988612,34.18926121045446,34.18926121045446,27.148877334097005,27.067010701318683,1.6489953934413526,0.0,0.0,0.06867718700371808,
TIMESNET_MSE,0.00565840214923632,0.007635945555504987,23.902891563367742,23.90289156336774,22.6917381935977,22.30085974800518,1.358628605132617,0.0,0.0,0.05658402149236321,
