,MAE,RMSE,MAPE,MAPE_EPS,sMAPE,WAPE,MASE,PICP,MIW,Winkler,CRPS
NHITS_Q,0.006180070269174031,0.00842165050558952,28.04399998120285,28.043999981202855,25.076382307095635,24.356854933732045,1.483885384597962,90.25,0.02644054388187031,0.03269895088926312,0.004722409614276895
TIMESNET_Q,0.005904400884087499,0.007906172487366447,24.49190415064793,24.49190415064793,23.031555209793083,23.27038844876097,1.4176949120476097,82.0,0.019471809550563452,0.028146169230385047,0.004351093025115447
TFT_Q,0.0059348637613976475,0.00799719786746555,26.509410246610614,26.50941024661062,22.394815840247606,23.390448553450767,1.4250092978789168,28.249999999999996,0.004804624828449365,0.0435848265753996,0.005073813783050846
NHITS_MSE,0.006867718700371809,0.00839301687988612,34.18926121045446,34.18926121045446,27.148877334097005,27.067010701318683,1.6489953934413526,0.0,0.0,0.06867718700371808,
TIMESNET_MSE,0.00565840214923632,0.007635945555504987,23.902891563367742,23.90289156336774,22.6917381935977,22.30085974800518,1.358628605132617,0.0,0.0,0.05658402149236321,
