MAE,RMSE,MAPE,PICP,MIW,CRPS,Model
0.005847948924360758,0.007827848605153483,24.18368728759928,33.58333333333333,0.006322351532677809,0.004817789758712549,TIMESNET_Q
