MAE,RMSE,MAPE,MAPE_EPS,sMAPE,WAPE,MASE,Pinball,PICP,MIW,Winkler,CRPS,Model,CQR
0.007968873940643016,0.011654429615750809,32.51518757141658,32.43660130373487,28.02459118558592,26.800351904242177,1.0720778524805687,0.003270679299211495,31.719022687609076,0.0066316916260696105,0.058276009273129765,0.008216875254436795,TFT_Q,False
