MAE,RMSE,MAPE,MAPE_EPS,sMAPE,WAPE,MASE,Pinball,PICP,MIW,Winkler,CRPS,Model,CQR
0.007247572667733986,0.010697461933218697,31.260504822568493,31.17907393602623,25.777306727945533,24.374522598002706,0.9750389075290294,0.0024063504622589,69.74258289703316,0.018042605994434285,0.03595265052909707,0.005333060655504692,NAMLSS,False
