MAE,RMSE,MAPE,MAPE_EPS,sMAPE,WAPE,MASE,Pinball,PICP,MIW,Winkler,CRPS,Model,CQR
0.00692373665105122,0.010478984117714002,28.9948531740303,28.911476251007233,24.922957160530807,23.28542026422104,0.9314722224607113,0.002330080472303897,72.64397905759162,0.018005948131100732,0.035283730913860806,0.005141666666608599,NAMLSS,False
