,MAE,RMSE,MAPE,sMAPE,WAPE,MASE,Pinball,PICP,MIW,Winkler,CRPS
NHITS_Q,0.007884169952840513,0.011450462966559907,34.697852119829406,27.964446741459316,26.515481457337287,0.908680534900695,0.0028100877939364033,51.63612565445026,0.013066626076132803,0.044881784053889526,0.006132110655180222
TIMESNET_Q,0.007792702016841955,0.011476138470038005,31.818676683197875,29.00292052159737,26.20786297937222,0.898138507838038,0.002993540871704245,40.75043630017452,0.009407090793573419,0.050842716066917565,0.006368462215853367
TFT_Q,0.0077562070428873146,0.011325133165342456,32.381633380854986,27.556505392936614,26.08512567018577,0.8939323234644576,0.003196383218123822,29.05759162303665,0.006133030756104703,0.05711046132927809,0.006677376559555966
NHITS_MSE,0.008180487303389567,0.011875213873544191,38.7568112553989,29.572823939596944,27.51203496404347,0.9428322351060239,,,,,
TIMESNET_MSE,0.008349182803543903,0.012009580062180092,36.6605344221405,30.817069481754856,28.079379710926677,0.962275032284737,,,,,
