MAE,RMSE,MAPE,MAPE_EPS,sMAPE,WAPE,MASE,PICP,MIW,Winkler,CRPS,Model,CQR
0.005409065710826488,0.007450048417989797,24.20270551089581,24.20270551089581,21.52608739733493,21.318176510512902,0.6807087992716194,88.91666666666667,0.02346766596904386,0.028469313802977247,0.005582993885120621,TFT_Q,True
