MAE,RMSE,MAPE,MAPE_EPS,sMAPE,WAPE,MASE,Pinball,PICP,MIW,Winkler,CRPS,Model,CQR
0.008310005190367042,0.011973955861006871,36.666860475745494,36.589772960411224,30.708100439659482,27.947620339686907,1.1179713200322259,,,,,,TIMESNET_MSE,False
