,MAE,RMSE,MAPE,PICP,MIW,CRPS
NHITS_Q,0.006032622965237837,0.008157798564533449,27.171652754863892,50.16666666666667,0.009336108466644634,0.004747701339718464
TIMESNET_Q,0.005847948924360754,0.007827848605153481,24.183687287599234,33.58333333333333,0.006322351532677809,0.004783923317096826
TFT_Q,0.0059348637613976475,0.00799719786746555,26.509410246610614,28.249999999999996,0.004804624828449365,0.005087970230166838
