MAE,RMSE,MAPE,PICP,MIW,CRPS,Model
0.00686771870037183,0.008393016879886143,34.18926121045459,,,,NHITS_MSE
0.005658402149236324,0.0076359455555049865,23.902891563367778,,,,TIMESNET_MSE
