,MAE,RMSE,MAPE,sMAPE,WAPE,MASE,Pinball,PICP,MIW,Winkler,CRPS
NHITS_Q,0.006180070269174031,0.00842165050558952,28.04399998120285,25.076382307095635,24.356854933732045,1.483885384597962,0.0021199767411711093,90.25,0.02644054388187031,0.03269895088926312,0.0047384353288315965
TIMESNET_Q,0.005904400884087499,0.007906172487366447,24.49190415064793,23.031555209793083,23.27038844876097,1.4176949120476097,0.001922272455027418,82.0,0.019471809550563452,0.028146169230385047,0.00435095278971259
TFT_Q,0.005409065710826486,0.007450048417989791,24.202705510895782,21.526087397334948,21.31817651051289,1.2987608883123822,0.0018504880785703223,88.91666666666667,0.023467665969043858,0.028469313802977243,0.004160668281997219
NHITS_MSE,0.006867718700371809,0.00839301687988612,34.18926121045446,27.148877334097005,27.067010701318683,1.6489953934413526,,,,,
TIMESNET_MSE,0.00565840214923632,0.007635945555504987,23.902891563367742,22.6917381935977,22.30085974800518,1.358628605132617,,,,,
