MAE,RMSE,MAPE,MAPE_EPS,sMAPE,WAPE,MASE,Pinball,PICP,MIW,Winkler,CRPS,Model,CQR
0.0033813327959596197,0.0046617529791841,22.077248968354116,22.077248968354116,18.69838496564551,14.398723313936213,0.8018638068588584,0.0010954203987988205,65.81588132635254,0.009223981556804513,0.01595594798416652,0.0024513844795897356,NAMLSS,False
