MAE,RMSE,MAPE,MAPE_EPS,sMAPE,WAPE,MASE,Pinball,PICP,MIW,Winkler,CRPS,Model,CQR
0.00405927478890711,0.005570162905357127,26.11764627085444,26.11764627085444,21.8089093454529,17.285602473246854,0.9626338877997015,0.0017473987999669855,19.415357766143106,0.0024482606395571723,0.03212559005447402,0.004119208406813444,TFT_Q,False
