MAE,RMSE,MAPE,MAPE_EPS,sMAPE,WAPE,MASE,PICP,MIW,Winkler,CRPS,Model,CQR
0.0029406285828538384,0.00404017376003539,16.83918278256219,16.83918278256219,16.471182858232787,13.471305820308407,0.6943892680628939,78.58333333333334,0.008971830510449232,0.013608554817181939,0.0022535342141780496,TIMESNET_Q,True
