MAE,RMSE,MAPE,MAPE_EPS,sMAPE,WAPE,MASE,Pinball,PICP,MIW,Winkler,CRPS,Model,CQR
0.0034619349785619006,0.00504631690191124,17.83137253749204,17.83137253749204,16.937249653115874,14.741951441962057,0.8209781552187202,0.0012029313513910467,56.173647469458984,0.006370596041745241,0.018778265648921898,0.00265508965757776,TIMESNET_Q,False
