MAE,RMSE,MAPE,PICP,MIW,CRPS,Model
0.0033218051208104143,0.004638813005194015,19.58848374708634,,,,TIMESNET_MSE
0.005171223077333895,0.006805336938875195,43.936348731882156,,,,NHITS_MSE
