,MAE,RMSE,MAPE,sMAPE,WAPE,MASE,Pinball,PICP,MIW,Winkler,CRPS
NHITS_Q,0.0034121719114355025,0.004842005481221847,20.228329711862422,17.97292996303942,14.53004546344908,0.7073932855872265,0.0011857689465659012,51.96335078534031,0.006244538977361348,0.018512208839799527,0.002604526745310542
TIMESNET_Q,0.0034619349785618967,0.00504631690191124,17.83137253749196,16.937249653115863,14.741951441962039,0.7177098993069111,0.0012029313513910454,56.173647469458984,0.006370596041745243,0.018778265648921877,0.002659971735838046
TFT_Q,0.004059274788907105,0.0055701629053571304,26.117646270854234,21.80890934545281,17.285602473246836,0.8415472035283091,0.0017473987999669838,19.415357766143106,0.0024482606395571727,0.032125590054473976,0.0036041283527617676
NAMLSS,0.00338133279595961,0.004661752979184098,22.077248968353896,18.69838496564539,14.398723313936173,0.7009998846134996,0.0010954203987988173,65.81588132635254,0.009223981556804513,0.015955947984166465,0.002470127977852401
NHITS_MSE,0.0033574610859080567,0.004737916377308896,19.993576028456065,17.53529935810359,14.297070454308292,0.6960509289793007,,,,,
TIMESNET_MSE,0.0036317439418297724,0.0050890634838061995,19.539892280833616,18.669496694488636,15.465048642344707,0.7529137880809933,,,,,
