MAE,RMSE,MAPE,PICP,MIW,CRPS,Model
0.004617743996368876,0.00621293477397015,34.835380346725216,17.083333333333332,0.0024058736796615963,0.004600471064663275,TFT_Q
