MAE,RMSE,MAPE,MAPE_EPS,sMAPE,WAPE,MASE,Pinball,PICP,MIW,Winkler,CRPS,Model,CQR
0.0034418038700956737,0.0050178697575793425,17.701481062352766,17.701481062352766,16.901561465445507,14.65622717928244,0.8162041775462752,0.0011346771560171445,81.8717277486911,0.010577550081678494,0.016831295330035967,0.0026432899513721864,TIMESNET_Q,True
