MAE,RMSE,MAPE,MAPE_EPS,sMAPE,WAPE,MASE,PICP,MIW,Winkler,CRPS,Model,CQR
0.0034758403089887127,0.00490933099601294,21.26023622957273,21.26023622957273,18.510721233901087,14.801164485305133,0.8242757251015183,78.0977312390925,0.009959286895825082,0.01617108921801426,0.003919846389770321,NHITS_Q,True
