MAE,RMSE,MAPE,PICP,MIW,CRPS,Model
0.004484675588487425,0.0063843007279205735,27.923202465931286,53.25,0.008635177518321298,0.0050289210351861955,NHITS_Q
0.0030944825525470155,0.004207873477564633,17.904426197790833,0.0,0.0,0.0030939309693939895,TIMESNET_Q
