MAE,RMSE,MAPE,MAPE_EPS,sMAPE,WAPE,MASE,Pinball,PICP,MIW,Winkler,CRPS,Model,CQR
0.00450290071926162,0.005510860563585472,35.069185375831275,35.069185375831275,26.22981249156668,19.17469396808427,0.23037287092686634,0.0014237468170759336,66.16492146596859,0.013390175731562145,0.02019790091596991,0.0032026135595737285,NAMLSS,False
