MAE,RMSE,MAPE,MAPE_EPS,sMAPE,WAPE,MASE,PICP,MIW,Winkler,CRPS,Model,CQR
0.0034121719114355064,0.004842005481221842,20.22832971186261,20.22832971186261,17.972929963039523,14.530045463449095,0.8091771273830028,51.96335078534031,0.006244538977361347,0.018512208839799562,0.0039073365483665344,NHITS_Q,False
