MAE,RMSE,MAPE,PICP,MIW,CRPS,Model
0.005322202325568693,0.007563613529038634,32.76018360246926,40.416666666666664,0.008153376276570357,0.005839555738942189,NHITS_Q
0.0029431357058537122,0.004046989238912137,16.82378728622198,53.0,0.0056111082015559074,0.002256431069451946,TIMESNET_Q
