MAE,RMSE,MAPE,MAPE_EPS,sMAPE,WAPE,MASE,Pinball,PICP,MIW,Winkler,CRPS,Model,CQR
0.0036668601856130814,0.005153456932688148,19.90909347410275,19.90909347410275,18.80613023195859,15.614584079573712,0.8695750004756406,,,,,,TIMESNET_MSE,False
