,MAE,RMSE,MAPE,PICP,MIW,CRPS
NHITS_Q,0.005276655463053328,0.007529980142549356,32.651865816817214,42.333333333333336,0.008212616946012797,0.004003539131403539
TIMESNET_Q,0.002939559963502318,0.004038551091962923,16.798705521826143,53.666666666666664,0.005602391034675141,0.0022402451261846795
TFT_Q,0.004617743996368852,0.0062129347739701265,34.83538034672497,17.083333333333332,0.002405873679661597,0.0041531141968945634
