MAE,RMSE,MAPE,MAPE_EPS,sMAPE,WAPE,MASE,Pinball,PICP,MIW,Winkler,CRPS,Model,CQR
0.003632838581924544,0.005082281945326736,19.724694002571802,19.724694002571802,18.96852858796962,15.46970994627545,0.861506971004619,,,,,,TIMESNET_MSE,False
