,MAE,RMSE,MAPE,PICP,MIW,CRPS
NHITS_Q,0.004497003718408449,0.00641083349451637,27.819813627563224,53.583333333333336,0.00865383213613067,0.0032854225499422797
TIMESNET_Q,0.0031539410901212277,0.004197570751965839,17.935954590460884,0.5,1.158259110525137e-05,0.0031305081008346637
