,MAE,RMSE,MAPE,MAPE_EPS,sMAPE,WAPE,MASE,PICP,MIW,Winkler,CRPS
NHITS_Q,0.005026478417864983,0.007198228062420566,30.829447362569063,30.829447362569066,23.953410947668864,23.02678698053204,1.4039012795973773,85.08333333333333,0.01687432737158416,0.022728130743867446,0.00360598284752988
TIMESNET_Q,0.0029406285828538392,0.004040173760035392,16.83918278256216,16.839182782562162,16.471182858232833,13.471305820308412,0.8213209899830151,78.58333333333334,0.008971830510449233,0.01360855481718195,0.0021451969312361614
TFT_Q,0.004617743996368852,0.0062129347739701265,34.83538034672497,34.83538034672497,25.467146385330448,21.154334803685703,1.2897412793645213,17.083333333333332,0.002405873679661597,0.03640739686260559,0.004152553183532845
NHITS_MSE,0.005171223077333873,0.0068053369388751716,43.93634873188191,43.9363487318819,29.21722597268241,23.689876357045364,1.4443286316618023,0.0,0.0,0.051712230773338724,
TIMESNET_MSE,0.0033218051208104143,0.004638813005194015,19.5884837470863,19.588483747086304,18.156139172918603,15.217512649787036,0.9277840412293455,0.0,0.0,0.03321805120810414,
