,MAE,RMSE,MAPE,sMAPE,WAPE,MASE,Pinball,PICP,MIW,Winkler,CRPS
NHITS_Q,0.005026478417864983,0.007198228062420566,30.829447362569063,23.953410947668864,23.02678698053204,1.4039012795973773,0.0015953507611064122,85.08333333333333,0.01687432737158416,0.022728130743867446,0.003593063209339643
TIMESNET_Q,0.0029406285828538392,0.004040173760035392,16.83918278256216,16.471182858232833,13.471305820308412,0.8213209899830151,0.0009437232577150382,78.58333333333334,0.008971830510449233,0.01360855481718195,0.00213345033589975
TFT_Q,0.004129417062237792,0.00553390917507973,30.595498906118266,23.607218691796447,18.917261577801167,1.1533509976014784,0.0013492083359183252,80.33333333333333,0.01199187907623646,0.0198291647663608,0.003024438547113248
NHITS_MSE,0.005171223077333873,0.0068053369388751716,43.93634873188191,29.21722597268241,23.689876357045364,1.4443286316618023,,,,,
TIMESNET_MSE,0.0033218051208104143,0.004638813005194015,19.5884837470863,18.156139172918603,15.217512649787036,0.9277840412293455,,,,,
