MAE,RMSE,MAPE,MAPE_EPS,sMAPE,WAPE,MASE,Pinball,PICP,MIW,Winkler,CRPS,Model,CQR
0.003631743941829775,0.0050890634838062,19.539892280833694,19.539892280833694,18.66949669448862,15.465048642344717,0.8612473833430375,,,,,,TIMESNET_MSE,False
