,MAE,RMSE,MAPE,sMAPE,WAPE,MASE,Pinball,PICP,MIW,Winkler,CRPS
NHITS_Q,0.0034212651919210343,0.004779012642652355,21.34564350102364,18.485557451157046,14.568767363252505,0.7092784560084086,0.0011832478912132056,50.87260034904014,0.006338197696034383,0.018391110776790995,0.00259825297200084
TIMESNET_Q,0.0034309315407898447,0.005009929042974749,17.644107243500574,16.837295797581913,14.609929559113347,0.7112824319109777,0.0011895678130526399,57.06806282722513,0.006455914928442936,0.01853237668762997,0.00262639896640993
TFT_Q,0.004015947724469154,0.005493968594849175,26.395923219309307,21.906339049145533,17.101102913312186,0.8325648675666026,0.001708426044229475,20.287958115183248,0.0025677336146891576,0.03117304270453847,0.003542442877381984
NHITS_MSE,0.0035643842171139864,0.004983841505293182,22.38979176568215,19.080993527533195,15.178210848725444,0.7389491291424275,,,,,
TIMESNET_MSE,0.0036668601856130784,0.005153456932688148,19.90909347410267,18.806130231958598,15.614584079573701,0.7601939004880216,,,,,
