MAE,RMSE,MAPE,PICP,MIW,CRPS,Model
0.004550213744205664,0.006491091201717498,28.335523099146197,53.083333333333336,0.00868850921969043,0.005094981071245447,NHITS_Q
0.0029639342188209983,0.0041299095664423064,17.833169932742994,0.0,0.0,0.002963376817562224,TIMESNET_Q
