MAE,RMSE,MAPE,MAPE_EPS,sMAPE,WAPE,MASE,Pinball,PICP,MIW,Winkler,CRPS,Model,CQR
0.004060118762813015,0.00549595645602583,27.28267612895247,27.28267612895247,22.29734367090849,17.28919636580006,0.962834031402806,0.0013337758556954923,71.20418848167539,0.009728860482335079,0.019712681856799696,0.004128719256102579,TFT_Q,True
