,MAE,RMSE,MAPE,PICP,MIW,CRPS
NHITS_Q,0.005276655463053328,0.007529980142549356,32.651865816817214,42.333333333333336,0.008212616946012797,0.004016413140018951
TIMESNET_Q,0.002939559963502318,0.004038551091962923,16.798705521826143,53.666666666666664,0.005602391034675141,0.0022528480779437357
TFT_Q,0.004617743996368852,0.0062129347739701265,34.83538034672497,17.083333333333332,0.002405873679661597,0.004152771527901117
NHITS_MSE,0.005171223077333873,0.0068053369388751716,43.93634873188191,0.0,0.0,
TIMESNET_MSE,0.0033218051208104143,0.004638813005194015,19.5884837470863,0.0,0.0,
