MAE,RMSE,MAPE,MAPE_EPS,sMAPE,WAPE,MASE,Pinball,PICP,MIW,Winkler,CRPS,Model,CQR
0.0033094723641947264,0.004694883100621963,19.687906087864523,19.687906087864523,17.279393407628667,14.092720167650509,0.7848225149025115,0.0010601923109573844,74.62914485165794,0.009723835187247882,0.015258407507747892,0.002377877186605787,NAMLSS,False
