MAE,RMSE,MAPE,MAPE_EPS,sMAPE,WAPE,MASE,PICP,MIW,Winkler,CRPS,Model,CQR
0.004129417062237803,0.005533909175079747,30.59549890611846,30.59549890611846,23.60721869179653,18.91726157780122,0.975105427490248,80.33333333333333,0.01199187907623646,0.019829164766360843,0.0041890282629250385,TFT_Q,True
