MAE,RMSE,MAPE,MAPE_EPS,sMAPE,WAPE,MASE,PICP,MIW,Winkler,CRPS,Model,CQR
0.0033574610859080614,0.004737916377308895,19.99357602845621,19.99357602845621,17.535299358103646,14.297070454308313,0.7962027668331484,,,,,NHITS_MSE,False
