MAE,RMSE,MAPE,PICP,MIW,CRPS,Model
0.004480638075592138,0.006394944665729225,27.68690699455634,54.333333333333336,0.008642876642334754,0.005031699789491503,NHITS_Q
0.0030566811821464827,0.004101890686732613,17.427956790012246,0.0,0.0,0.0030561246115865704,TIMESNET_Q
