,MAE,RMSE,MAPE,sMAPE,WAPE,MASE,Pinball,PICP,MIW,Winkler,CRPS
NHITS_Q,0.003475840308988707,0.004909330996012944,21.260236229572524,18.51072123390098,14.801164485305108,0.720592678262107,0.0011183430254319267,78.0977312390925,0.009959286895825085,0.016171089218014266,0.0025304321692259826
TIMESNET_Q,0.0034418038700956715,0.005017869757579344,17.70148106235269,16.901561465445507,14.65622717928243,0.7135364252469699,0.0011346771560171445,81.8717277486911,0.010577550081678494,0.01683129533003598,0.00255184777637683
TFT_Q,0.004060118762813011,0.0054959564560258314,27.28267612895227,22.297343670908404,17.289196365800045,0.8417221716980687,0.0013337758556954918,71.20418848167539,0.00972886048233508,0.019712681856799703,0.002985839661072491
NHITS_MSE,0.0033574610859080567,0.004737916377308896,19.993576028456065,17.53529935810359,14.297070454308292,0.6960509289793007,,,,,
TIMESNET_MSE,0.003632838581924541,0.005082281945326735,19.724694002571724,18.968528587969637,15.469709946275437,0.7531407230283735,,,,,
