MAE,RMSE,MAPE,MAPE_EPS,sMAPE,WAPE,MASE,PICP,MIW,Winkler,CRPS,Model,CQR
0.005026478417865011,0.007198228062420592,30.82944736256933,30.82944736256933,23.953410947669028,23.026786980532165,1.1869342119118966,85.08333333333333,0.01687432737158416,0.0227281307438675,0.005432757784354927,NHITS_Q,True
