MAE,RMSE,MAPE,MAPE_EPS,sMAPE,WAPE,MASE,Pinball,PICP,MIW,Winkler,CRPS,Model,CQR
0.00401594772446916,0.005493968594849171,26.39592321930951,26.39592321930951,21.906339049145625,17.10110291331221,0.9523591213313588,0.0017084260442294778,20.287958115183248,0.002567733614689156,0.031173042704538533,0.0040974403833667974,TFT_Q,False
