,MAE,RMSE,MAPE,MAPE_EPS,sMAPE,WAPE,MASE,PICP,MIW,Winkler,CRPS
NHITS_Q,0.005026478417864983,0.007198228062420566,30.829447362569063,30.829447362569066,23.953410947668864,23.02678698053204,1.4039012795973773,85.08333333333333,0.01687432737158416,0.022728130743867446,0.003626785122464432
TIMESNET_Q,0.0029406285828538392,0.004040173760035392,16.83918278256216,16.839182782562162,16.471182858232833,13.471305820308412,0.8213209899830151,78.58333333333334,0.008971830510449233,0.01360855481718195,0.0021498548054565453
TFT_Q,0.004129417062237792,0.00553390917507973,30.595498906118266,30.595498906118262,23.607218691796447,18.917261577801167,1.1533509976014784,80.33333333333333,0.01199187907623646,0.0198291647663608,0.003013685139354383
NHITS_MSE,0.005171223077333873,0.0068053369388751716,43.93634873188191,43.9363487318819,29.21722597268241,23.689876357045364,1.4443286316618023,0.0,0.0,0.051712230773338724,
TIMESNET_MSE,0.0033218051208104143,0.004638813005194015,19.5884837470863,19.588483747086304,18.156139172918603,15.217512649787036,0.9277840412293455,0.0,0.0,0.03321805120810414,
