MAE,RMSE,MAPE,MAPE_EPS,sMAPE,WAPE,MASE,PICP,MIW,Winkler,CRPS,Model,CQR
0.00342126519192104,0.0047790126426523515,21.345643501023837,21.345643501023837,18.48555745115715,14.56876736325253,0.8113335470396773,50.87260034904014,0.0063381976960343814,0.018391110776791047,0.003926599039723905,NHITS_Q,False
