MAE,RMSE,MAPE,MAPE_EPS,sMAPE,WAPE,MASE,Pinball,PICP,MIW,Winkler,CRPS,Model,CQR
0.0034309315407898473,0.005009929042974749,17.64410724350065,17.64410724350065,16.83729579758191,14.609929559113358,0.8136258665982933,0.0011895678130526405,57.06806282722513,0.006455914928442936,0.018532376687629984,0.002628572790660549,TIMESNET_Q,False
