,MAE,RMSE,MAPE,MAPE_EPS,sMAPE,WAPE,MASE,PICP,MIW,Winkler,CRPS
NHITS_Q,0.005276655463053328,0.007529980142549356,32.651865816817214,32.651865816817214,24.92994247337485,24.17287238030142,1.473776019856382,42.333333333333336,0.008212616946012797,0.0297661695829668,0.004009978550112069
TIMESNET_Q,0.002939559963502318,0.004038551091962923,16.798705521826143,16.798705521826147,16.510584338432775,13.466410371024615,0.8210225233528449,53.666666666666664,0.005602391034675141,0.015842930270406785,0.002260297817101686
TFT_Q,0.004617743996368852,0.0062129347739701265,34.83538034672497,34.83538034672497,25.467146385330448,21.154334803685703,1.2897412793645213,17.083333333333332,0.002405873679661597,0.03640739686260559,0.004154971433991308
NHITS_MSE,0.005171223077333873,0.0068053369388751716,43.93634873188191,43.9363487318819,29.21722597268241,23.689876357045364,1.4443286316618023,0.0,0.0,0.051712230773338724,
TIMESNET_MSE,0.0033218051208104143,0.004638813005194015,19.5884837470863,19.588483747086304,18.156139172918603,15.217512649787036,0.9277840412293455,0.0,0.0,0.03321805120810414,
