MAE,RMSE,MAPE,MAPE_EPS,sMAPE,WAPE,MASE,PICP,MIW,Winkler,CRPS,Model,CQR
0.0035643842171139916,0.00498384150529318,22.389791765682343,22.389791765682343,19.08099352753329,15.178210848725465,0.8452734084198642,,,,,NHITS_MSE,False
