{
    "stage": 1,
    "model": "TIMESNET_Q",
    "dataset": "heat",
    "objective": "MAE",
    "best_mae": 0.08971708258267913,
    "best_params": {
        "hidden_size": 128,
        "conv_hidden_size": 256,
        "top_k": 1,
        "lr": 0.003581748808573514,
        "dropout": 0.318211849881927
    },
    "n_trials": 51,
    "quantiles": [
        0.1,
        0.5,
        0.9
    ],
    "timestamp": "2025-12-29 06:08:41"
}