MAE,RMSE,MAPE,MAPE_EPS,sMAPE,WAPE,MASE,PICP,MIW,Winkler,CRPS,Model,CQR
0.21105871289322992,0.2611634619964777,17.620497143398488,17.620497143398488,15.305213262722589,11.259729490074456,1.228723972450779,,,,,NHITS_MSE,False
