MAE,RMSE,MAPE,PICP,MIW,CRPS,Model
0.21193071884246228,0.27343963811208116,6.490924103138002,0.0,0.0,0.21193016148721736,TIMESNET_Q
0.22155965246406234,0.28314907781851695,6.633277145952239,46.416666666666664,0.33884269491593066,0.24331099611732157,NHITS_Q
