MAE,RMSE,MAPE,PICP,MIW,CRPS,Model
0.19433439418606333,0.25331182850020395,5.892420294857965,40.416666666666664,0.24768718673664541,0.20656544653183634,NHITS_Q
0.2526359386487816,0.32507536013488014,7.523875356478187,,,,NHITS_MSE
