,MAE,RMSE,MAPE,PICP,MIW,CRPS
NHITS,0.22543574852854442,0.29164352879159544,6.998069447290056,46.5,0.33962750851439744,0.1759719717075336
TIMESNET,0.2553171523559823,0.3279495978280455,7.698745136396936,79.16666666666666,0.8390712968508403,0.1847737553190731
