MAE,RMSE,MAPE,PICP,MIW,CRPS,Model
0.005118757072709299,0.00729142336965264,32.44094365644141,40.583333333333336,0.007801554705169512,0.005619710169342693,NHITS_Q
0.002932861451418378,0.004026111011794374,16.806764690962606,52.75,0.005612875486258417,0.002248827706515159,TIMESNET_Q
