MAE,RMSE,MAPE,PICP,MIW,CRPS,Model
0.005338643345106478,0.007678232467721574,32.9176802818233,40.666666666666664,0.008199849011438557,0.005866443752815039,NHITS_Q
0.005682553225216912,0.007761221846674119,44.80233314084478,,,,NHITS_MSE
