MAE,RMSE,MAPE,PICP,MIW,CRPS,Model
0.0055518274817995365,0.0073967983733305275,40.77777260372207,36.0,0.007733390746717429,0.005732040348084598,NHITS_Q
0.00308981647749911,0.004388632493837844,16.721939693999875,0.0,0.0,0.0030892607980290425,TIMESNET_Q
