MAE,RMSE,MAPE,PICP,MIW,Model
0.26671669564731615,0.3311021332282477,8.400797065793634,73.66666666666667,0.7326553382119012,NHITS
0.28745546709349495,0.35683989356164236,8.82685700983603,78.08333333333334,0.9394004176060359,TIMESNET
