,MAE,RMSE,MAPE,PICP,MIW,CRPS
NHITS_Q,0.19914736287103008,0.2593906747551062,6.066644340892493,40.0,0.24967814726255796,0.15993738441928274
TIMESNET_Q,0.2167178017642378,0.2802438321871847,6.59916528064442,19.5,0.14586632112661999,0.18901736998769555
NHITS_MSE,0.21821413504068735,0.28434279168375953,6.58932218867385,0.0,0.0,0.21821413504068735
TIMESNET_MSE,0.2835610504997737,0.36307859196198117,8.57892516295741,0.0,0.0,0.2835610504997737
