MAE,RMSE,MAPE,PICP,MIW,CRPS,Model
0.24732240314251355,0.33511536209627607,7.597317821279207,0.0,0.0,0.24732184685083886,TIMESNET_Q
0.20889654056226115,0.2765683898238835,6.264073432778922,48.16666666666667,0.3145562631781014,0.22790989398347952,NHITS_Q
