MAE,RMSE,MAPE,PICP,MIW,CRPS,Model
0.21629968550402434,0.2807074361072428,6.590356065955058,19.416666666666664,0.1481924662987391,0.1883566456008945,TIMESNET_Q
0.19033605597443948,0.24892099778950788,5.818994001854217,41.833333333333336,0.2502631121762456,0.20372170046332214,NHITS_Q
