MAE,RMSE,MAPE,PICP,MIW,CRPS,Model
0.21689784153161373,0.2814716466013463,6.607864221187007,20.083333333333332,0.14814838508764902,0.18891144034377325,TIMESNET_Q
0.5008371604226519,1.5416363123198646,14.873784717397893,,,,TIMESNET_MSE
