MAE,RMSE,MAPE,PICP,MIW,CRPS,Model
0.21709755832839994,0.28183733335172706,6.61729297897094,20.416666666666668,0.14718750476837159,0.18942969411867888,TIMESNET_Q
0.18692140408603605,0.24337132933060898,5.690498143486199,44.083333333333336,0.2565630446829776,0.20139503047327012,NHITS_Q
