MAE,RMSE,MAPE,PICP,MIW,CRPS,Model
0.004497003718408466,0.006410833494516392,27.819813627563423,53.583333333333336,0.008653832136130671,0.005048733064671933,NHITS_Q
0.0031539410901212333,0.004197570751965841,17.935954590460973,0.5,1.1582591105252504e-05,0.0031307508895801546,TIMESNET_Q
