,MAE,RMSE,MAPE,PICP,MIW,CRPS
NHITS,0.21159551301365415,0.2763741090171766,6.450096227183557,31.75,0.2025353911727559,0.1770454855013055
TIMESNET,0.21417353658771196,0.27449233693476044,6.54539118512858,46.08333333333333,0.3255378890037537,0.16673081824340968
