MAE,RMSE,MAPE,PICP,MIW,CRPS,Model
0.004513981269951175,0.006464786881495894,27.953128354998103,53.666666666666664,0.008619856648603515,0.005060141626138642,NHITS_Q
0.003385873825140011,0.004637643209265841,19.713954639274426,0.0,0.0,0.003385320353097779,TIMESNET_Q
