MAE,RMSE,MAPE,PICP,MIW,CRPS,Model
0.0029439618978416766,0.004035413802193045,16.853004210560673,53.166666666666664,0.005634263791143894,0.0022506646847409743,TIMESNET_Q
0.0033442568030035715,0.004650627614496959,19.645948016925985,,,,TIMESNET_MSE
