MAE,RMSE,MAPE,PICP,MIW,CRPS,Model
0.2141735365877119,0.2744923369347605,6.545391185128581,46.08333333333333,0.3255378890037537,0.16628371487470375,TIMESNET
0.21159551301365415,0.2763741090171766,6.450096227183555,31.75,0.20253539117275593,0.21899039218577543,NHITS
