MAE,RMSE,MAPE,PICP,MIW,CRPS,Model
0.19437904679182846,0.2560216147209332,5.958038648369339,41.833333333333336,0.24824474022381993,0.20792651355702865,NHITS_Q
0.22259395390511647,0.28957516812990847,6.8350313387369095,,,,NHITS_MSE
0.21671780176423774,0.2802438321871847,6.59916528064442,19.5,0.14586632112661999,0.18894156053792902,TIMESNET_Q
0.2835610504997737,0.36307859196198117,8.57892516295741,,,,TIMESNET_MSE
