MAE,RMSE,MAPE,PICP,MIW,CRPS,Model
0.19064822483397129,0.25063667416792024,5.814463352254569,43.166666666666664,0.25112160471586215,0.20338090935576292,NHITS_Q
0.21759830890830842,0.28131280570124234,6.6271866931507635,19.5,0.1473732888698578,0.18958888868457646,TIMESNET_Q
