MAE,RMSE,MAPE,PICP,MIW,CRPS,Model
0.23863403429453972,0.29846511090428424,7.105164419810532,79.33333333333333,0.7573608403467585,0.3318276993783361,NHITS_Q
0.25076533937742873,0.31576531414921527,7.37809971738376,,,,NHITS_MSE
