MAE,RMSE,MAPE,PICP,MIW,Model
0.22543574852854448,0.29164352879159544,6.998069447290057,46.5,0.33962750851439744,NHITS
0.2553171523559823,0.3279495978280455,7.698745136396935,79.16666666666666,0.8390712968508403,TIMESNET
