{
    "hidden_size": 128,
    "conv_hidden_size": 256,
    "top_k": 1,
    "lr": 0.003581748808573514,
    "dropout": 0.318211849881927
}