{
    "num_stacks": 5,
    "num_blocks": 2,
    "num_layers": 1,
    "layer_widths": 256,
    "lr": 5.416887321890497e-05,
    "dropout": 0.0040207982433668205,
    "weight_decay": 0.0003017515595635882
}