{
    "hidden_size": 32,
    "conv_hidden_size": 128,
    "top_k": 1,
    "lr": 3.7343226826948295e-05,
    "dropout": 0.27823017576112263
}