{
    "hidden_size": 256,
    "conv_hidden_size": 64,
    "top_k": 3,
    "lr": 1.657680946333012e-05,
    "dropout": 0.12328113442129174
}