MAE,RMSE,MAPE,R²,PICP (Coverage),MIW,Avg Quantile Loss,n_samples
0.41701250740693324,0.4791738581945167,12.131938172445723,-0.8648293362617607,41.41666666666667,0.7047917353730833,0.13425504650802036,1200
