Model,MAE_Scaled
NHiTS,0.06960306674446336
TCN,0.04460909423825255
