MAE,RMSE,MAPE,R2,n_samples
0.2565185563802264,0.3245062864209258,7.764712963441041,0.14473817358870922,1200
