MAE,RMSE,MAPE,R²,n_samples,successful_windows,failed_windows
0.39716080608087295,0.4757041172649633,11.545038404359971,-0.8379203222562068,1200,50,0
