MAE,RMSE,MAPE,R²,n_samples
0.2943736713020726,0.3644631248403508,8.993208053634106,-0.10718583909926038,1200
