MAE,RMSE,MAPE,MAPE_EPS,sMAPE,WAPE,MASE,Pinball,PICP,MIW,Winkler,CRPS,Model,CQR
0.15027301732992804,0.21008818356508235,8.958703835906508,8.958703835906508,9.122974601354123,8.016885451434664,0.8748468910601261,0.049019771665198775,70.58438155136268,0.3937824256429902,0.7192280633063229,0.10904634758362741,NAMLSS,False
