,MAE,RMSE,MAPE,PICP,MIW,CRPS
NHITS_Q,0.19267692900879163,0.25294984592807573,5.855440962769582,41.5,0.24973716649425645,0.1539847146209088
TIMESNET_Q,0.2170001796440539,0.28123853022556156,6.611175481605662,19.25,0.14632200678189597,0.1895405918565857
TFT_Q,0.22241826723107272,0.291000206241256,6.650459784316357,21.416666666666668,0.12580317236797345,0.19903369563004383
