MAE,RMSE,MAPE,MAPE_EPS,sMAPE,WAPE,MASE,Pinball,PICP,MIW,Winkler,CRPS,Model,CQR
0.1623371877452614,0.231358349807373,9.538372491815975,9.538372491815975,9.303281593102705,8.660494490534276,0.9450810699473559,0.0691687237228489,21.98637316561845,0.10397829573046986,1.26337577295916,0.14308918018121006,TIMESNET_Q,False
