MAE,RMSE,MAPE,MAPE_EPS,sMAPE,WAPE,MASE,PICP,MIW,Winkler,CRPS,Model,CQR
0.1595984613715844,0.22601070298340942,9.721285533645077,9.721285533645077,9.552028722991386,8.514386719420674,0.9291369816735755,44.14308176100629,0.20809448971208303,0.9922674813526607,0.17274233104147738,NHITS_Q,False
