,MAE,RMSE,MAPE,MAPE_EPS,sMAPE,WAPE,MASE,PICP,MIW,Winkler,CRPS
NHITS_Q,0.19346601147926076,0.2548195107526459,5.8847406394253134,5.884740639425312,5.829636505363201,5.823321555868828,0.690699034087449,94.91666666666667,1.0428059553148417,1.110351984215951,0.1550696917491409
TIMESNET_Q,0.21746276944800588,0.2819659420061043,6.626665888188353,6.626665888188353,6.527749864818183,6.545623302216355,0.7763706072155244,76.16666666666667,0.6058510114958576,0.9841522567412362,0.15576188906597863
TFT_Q,0.22241826723107272,0.291000206241256,6.650459784316357,6.650459784316358,6.735919827400812,6.694783647434339,0.7940623842156083,21.416666666666668,0.12580317236797345,1.7987417926310236,0.1991835880851267
NHITS_MSE,0.22387186366948109,0.2834782127701704,6.712457439430167,6.712457439430167,6.75252462367811,6.738536859735536,0.7992519141401927,0.0,0.0,2.238718636694811,
TIMESNET_MSE,0.23891583594741897,0.30960078810310104,7.245900691395216,7.2459006913952155,7.222768165664253,7.191360006200205,0.8529608681924343,0.0,0.0,2.389158359474189,
