MAE,RMSE,MAPE,MAPE_EPS,sMAPE,WAPE,MASE,PICP,MIW,Winkler,CRPS,Model,CQR
0.16097894436517257,0.2263244415306897,9.645170912193738,9.645170912193738,9.556801323722476,8.588033833346334,0.937173762171903,96.22641509433963,0.9716385645136512,1.0287023272235658,0.1708720858445708,NHITS_Q,True
