MAE,RMSE,MAPE,PICP,MIW,CRPS,Model
0.22241826723107275,0.291000206241256,6.650459784316358,21.416666666666668,0.12580317236797348,0.22519715401214435,TFT_Q
