,MAE,RMSE,MAPE,MAPE_EPS,sMAPE,WAPE,MASE,PICP,MIW,Winkler,CRPS
NHITS_Q,0.19346601147926076,0.2548195107526459,5.8847406394253134,5.884740639425312,5.829636505363201,5.823321555868828,0.690699034087449,94.91666666666667,1.0428059553148417,1.110351984215951,0.15495150031052046
TIMESNET_Q,0.21746276944800588,0.2819659420061043,6.626665888188353,6.626665888188353,6.527749864818183,6.545623302216355,0.7763706072155244,76.16666666666667,0.6058510114958576,0.9841522567412362,0.1566028505668845
TFT_Q,0.22794159718281426,0.2919114521953175,6.748460467508021,6.74846046750802,6.899382259015328,6.861035725110528,0.8137813965291646,75.58333333333334,0.7042027311117129,1.0366635117442915,0.16539003924753667
NHITS_MSE,0.22387186366948109,0.2834782127701704,6.712457439430167,6.712457439430167,6.75252462367811,6.738536859735536,0.7992519141401927,0.0,0.0,2.238718636694811,
TIMESNET_MSE,0.23891583594741897,0.30960078810310104,7.245900691395216,7.2459006913952155,7.222768165664253,7.191360006200205,0.8529608681924343,0.0,0.0,2.389158359474189,
