MAE,RMSE,MAPE,MAPE_EPS,sMAPE,WAPE,MASE,Pinball,PICP,MIW,Winkler,CRPS,Model,CQR
0.17928054547227765,0.24682873356629081,10.565139362844251,10.565139362844251,10.763926761298649,9.564402327574276,1.0437204936774047,0.05941370222852784,84.70911949685535,0.6498917385648595,0.8860083394944469,0.18092508115871,TFT_Q,True
