MAE,RMSE,MAPE,MAPE_EPS,sMAPE,WAPE,MASE,PICP,MIW,Winkler,CRPS,Model,CQR
0.22794159718281426,0.2919114521953175,6.748460467508021,6.748460467508021,6.899382259015328,6.861035725110528,1.327011336977725,75.58333333333334,0.704202731111713,1.0366635117442915,0.2301286234786651,TFT_Q,True
