,MAE,RMSE,MAPE,sMAPE,WAPE,MASE,Pinball,PICP,MIW,Winkler,CRPS
NHITS_Q,0.15895910514665354,0.2263914422355631,9.645019269535112,9.43534594431986,8.48027783075253,0.8229482839859902,0.05920523042544465,44.90303983228511,0.2092098755971052,0.981361387030072,0.12709099961706222
TIMESNET_Q,0.1623371877452614,0.231358349807373,9.538372491815974,9.303281593102705,8.660494490534276,0.8404369787991781,0.0691687237228489,21.98637316561845,0.10397829573046986,1.2633757729591601,0.1431012408096753
TFT_Q,0.17723192031090756,0.24557070415478607,10.65422465668509,10.859594431667844,9.45511062941417,0.917548601905134,0.07575709264791186,20.7416142557652,0.11202439549340396,1.3865531778828184,0.15633726487990993
NAMLSS,0.15145114952157712,0.21123899680900768,9.02368648907202,9.131796391455312,8.079737392487804,0.7840787949296744,0.048876112021476535,73.82075471698113,0.43832253776612806,0.7090276130364103,0.11031952488744826
NHITS_MSE,0.21105871289322992,0.2611634619964777,17.620497143398484,15.305213262722589,11.259729490074456,1.092673524020728,,,,,
TIMESNET_MSE,0.17463932556762674,0.3451337473178653,10.271513775293405,9.798120215328565,9.316798805720358,0.9041264617069638,,,,,
