MAE,RMSE,MAPE,MAPE_EPS,sMAPE,WAPE,MASE,Pinball,PICP,MIW,Winkler,CRPS,Model,CQR
0.15145114952157712,0.21123899680900765,9.02368648907202,9.02368648907202,9.131796391455312,8.079737392487804,0.8817056425741066,0.048876112021476535,73.82075471698113,0.43832253776612806,0.7090276130364103,0.10932848181340696,NAMLSS,False
