,MAE,RMSE,MAPE,PICP,MIW,CRPS
NHITS_Q,0.22155965246406234,0.28314907781851695,6.63327714595224,46.416666666666664,0.33884269491593066,0.17237044028453383
TIMESNET_Q,0.21193071884246228,0.27343963811208116,6.490924103138001,0.0,0.0,0.21193071884246228
