MAE,RMSE,MAPE,MAPE_EPS,sMAPE,WAPE,MASE,Pinball,PICP,MIW,Winkler,CRPS,Model,CQR
0.16159514186031085,0.23026065789993536,9.490486979002338,9.490486979002338,9.27336219590356,8.62090723152359,0.9407610892415206,0.054545283227876475,82.86163522012579,0.5551048925408684,0.8283827875347404,0.14237787340662933,TIMESNET_Q,True
