MAE,RMSE,MAPE,PICP,MIW,CRPS,Model
0.2170001796440539,0.28123853022556156,6.6111754816056605,19.25,0.14632200678189597,0.1892639339826131,TIMESNET_Q
