MAE,RMSE,MAPE,MAPE_EPS,sMAPE,WAPE,MASE,PICP,MIW,Winkler,CRPS,Model,CQR
0.15895910514665354,0.22639144223556312,9.645019269535112,9.645019269535112,9.43534594431986,8.48027783075253,0.9254148310466759,44.90303983228511,0.2092098755971052,0.9813613870300718,0.171982009902507,NHITS_Q,False
