MAE,RMSE,MAPE,MAPE_EPS,sMAPE,WAPE,MASE,Pinball,PICP,MIW,Winkler,CRPS,Model,CQR
0.17463932556762674,0.3451337473178653,10.271513775293403,10.271513775293403,9.798120215328565,9.316798805720358,1.0167006275932917,,,,,,TIMESNET_MSE,False
