,MAE,RMSE,MAPE,sMAPE,WAPE,MASE,Pinball,PICP,MIW,Winkler,CRPS
NHITS_Q,0.16097894436517257,0.2263244415306897,9.645170912193736,9.556801323722476,8.588033833346334,0.8334052075908022,0.06111990163498096,96.22641509433963,0.9716385645136512,1.0287023272235658,0.13658785445235988
TIMESNET_Q,0.16159514186031085,0.23026065789993538,9.490486979002336,9.27336219590356,8.62090723152359,0.8365953279098155,0.054545283227876475,82.86163522012579,0.5551048925408684,0.8283827875347404,0.122257212896553
TFT_Q,0.17928054547227765,0.2468287335662908,10.565139362844251,10.763926761298649,9.564402327574276,0.9281545534140119,0.05941370222852784,84.70911949685535,0.6498917385648595,0.8860083394944469,0.13437239555558936
NHITS_MSE,0.21105871289322992,0.2611634619964777,17.620497143398484,15.305213262722589,11.259729490074456,1.092673524020728,,,,,
TIMESNET_MSE,0.17463932556762674,0.3451337473178653,10.271513775293405,9.798120215328565,9.316798805720358,0.9041264617069638,,,,,
