MAE,RMSE,MAPE,MAPE_EPS,sMAPE,WAPE,MASE,PICP,MIW,Winkler,CRPS,Model,CQR
0.20394983176337309,0.25339146341678637,16.430247267862672,16.430247267862672,14.47530869361507,10.88047919804896,1.187338082516082,,,,,NHITS_MSE,False
