,MAE,RMSE,MAPE,MAPE_EPS,sMAPE,WAPE,MASE,PICP,MIW,Winkler,CRPS
NHITS_Q,0.19267692900879163,0.25294984592807573,5.855440962769582,5.855440962769582,5.7987869290683705,5.799570195490297,0.6878819061795488,41.5,0.24973716649425645,1.1877011425030497,0.15401617829997488
TIMESNET_Q,0.2170001796440539,0.28123853022556156,6.611175481605662,6.6111754816056605,6.512132691063957,6.53169936200442,0.7747191009466696,19.25,0.14632200678189597,1.6504667332377883,0.18954453932155424
TFT_Q,0.22241826723107272,0.291000206241256,6.650459784316357,6.650459784316358,6.735919827400812,6.694783647434339,0.7940623842156083,21.416666666666668,0.12580317236797345,1.7987417926310236,0.19920955108310853
NHITS_MSE,0.22387186366948109,0.2834782127701704,6.712457439430167,6.712457439430167,6.75252462367811,6.738536859735536,0.7992519141401927,0.0,0.0,2.238718636694811,
TIMESNET_MSE,0.23891583594741897,0.30960078810310104,7.245900691395216,7.2459006913952155,7.222768165664253,7.191360006200205,0.8529608681924343,0.0,0.0,2.389158359474189,
