MAE,RMSE,MAPE,MAPE_EPS,sMAPE,WAPE,MASE,Pinball,PICP,MIW,Winkler,CRPS,Model,CQR
0.17425910144222034,0.24280110900688878,10.470795718500227,10.470795718500227,10.529399396359343,9.296514304128415,1.0144870705627071,0.07323877546983643,25.157232704402517,0.12204658936642637,1.3258677568839914,0.1779298713136832,TFT_Q,False
