MAE,RMSE,MAPE,PICP,MIW,CRPS,Model
0.23891583594741897,0.30960078810310104,7.2459006913952155,,,,TIMESNET_MSE
0.22387186366948114,0.2834782127701704,6.712457439430167,,,,NHITS_MSE
