,MAE,RMSE,MAPE,sMAPE,WAPE,MASE,Pinball,PICP,MIW,Winkler,CRPS
NHITS_Q,0.1595984613715844,0.22601070298340942,9.721285533645077,9.552028722991386,8.514386719420674,0.826258299525378,0.059675326273686095,44.14308176100629,0.20809448971208305,0.9922674813526607,0.12790690307941033
TIMESNET_Q,0.1626554302195733,0.23201871010935923,9.537549412796716,9.310434962278041,8.677472345292713,0.8420845541166461,0.0693140361719401,21.855345911949687,0.10421896026131992,1.2661439340603364,0.14346122897894278
TFT_Q,0.17425910144222034,0.24280110900688878,10.470795718500225,10.529399396359343,9.296514304128415,0.9021580007544151,0.07323877546983643,25.157232704402517,0.12204658936642637,1.3258677568839914,0.1521676491339431
NHITS_MSE,0.20394983176337309,0.25339146341678637,16.43024726786267,14.47530869361507,10.88047919804896,1.0558700862970523,,,,,
TIMESNET_MSE,0.30919493283769833,0.4240045185992635,20.01157295339463,19.214066040855503,16.49517925950498,1.6007352278511748,,,,,
