MAE,RMSE,MAPE,MAPE_EPS,sMAPE,WAPE,MASE,PICP,MIW,Winkler,CRPS,Model,CQR
0.21746276944800588,0.2819659420061043,6.626665888188353,6.626665888188353,6.527749864818184,6.545623302216355,1.2660065735901334,76.16666666666667,0.6058510114958576,0.9841522567412362,0.18932747579909134,TIMESNET_Q,True
