,MAE,RMSE,MAPE,PICP,MIW,CRPS
NHITS_Q,0.19267692900879163,0.25294984592807573,5.855440962769582,41.5,0.24973716649425645,0.15429657507704528
TIMESNET_Q,0.2170001796440539,0.28123853022556156,6.611175481605662,19.25,0.14632200678189597,0.18921431547683173
TFT_Q,0.22241826723107272,0.291000206241256,6.650459784316357,21.416666666666668,0.12580317236797345,0.1991073695800565
NHITS_MSE,0.22387186366948109,0.2834782127701704,6.712457439430167,0.0,0.0,
TIMESNET_MSE,0.23891583594741897,0.30960078810310104,7.245900691395216,0.0,0.0,
