MAE,RMSE,MAPE,MAPE_EPS,sMAPE,WAPE,MASE,Pinball,PICP,MIW,Winkler,CRPS,Model,CQR
0.1626554302195733,0.23201871010935923,9.537549412796716,9.537549412796716,9.310434962278041,8.677472345292713,0.9469337873826076,0.0693140361719401,21.855345911949687,0.10421896026131992,1.2661439340603364,0.1434013305297103,TIMESNET_Q,False
