MAE,RMSE,MAPE,MAPE_EPS,sMAPE,WAPE,MASE,Pinball,PICP,MIW,Winkler,CRPS,Model,CQR
0.17723192031090756,0.24557070415478607,10.65422465668509,10.65422465668509,10.859594431667842,9.45511062941417,1.0317939789562869,0.07575709264791186,20.7416142557652,0.11202439549340394,1.3865531778828184,0.18126063264592596,TFT_Q,False
