MAE,RMSE,MAPE,MAPE_EPS,sMAPE,WAPE,MASE,Pinball,PICP,MIW,Winkler,CRPS,Model,CQR
0.30919493283769833,0.4240045185992635,20.01157295339463,20.01157295339463,19.214066040855503,16.49517925950498,1.800045214575811,,,,,,TIMESNET_MSE,False
