MAE,RMSE,MAPE,MAPE_EPS,sMAPE,WAPE,MASE,PICP,MIW,Winkler,CRPS,Model,CQR
0.19346601147926076,0.2548195107526459,5.884740639425312,5.884740639425312,5.829636505363201,5.823321555868829,1.1263042539222767,94.91666666666667,1.0428059553148417,1.110351984215951,0.20792489269534878,NHITS_Q,True
